Ativo,Data Ex,Valor,Data Pagamento
PETR4.SA,31/10/2006,1.0,-
BBDC4.SA,31/10/1997,0.0129,-
BBDC4.SA,31/10/1996,0.01,-
ITSA4.SA,31/08/2022,0.0235,03/10/2022
ITSA4.SA,31/08/2021,0.02,01/10/2021
ITSA4.SA,31/08/2020,0.02,01/10/2020
ITSA4.SA,31/08/2018,0.015,01/10/2018
ITSA4.SA,31/08/2017,0.015,-
ITSA4.SA,31/08/2016,0.015,-
ITSA4.SA,31/08/2015,0.015,-
ITSA4.SA,31/08/2012,0.015,-
ITSA4.SA,31/08/2011,0.014,-
ITSA4.SA,31/08/2010,0.014,-
ITSA4.SA,31/08/2009,0.014,-
BBDC4.SA,31/08/1998,0.0129,-
BBDC4.SA,31/07/1998,0.0129,-
BBDC4.SA,31/07/1997,0.0129,-
BBDC4.SA,31/07/1996,0.01,-
ITSA4.SA,31/05/2024,0.0235,01/07/2024
ITSA4.SA,31/05/2023,0.0235,03/07/2023
ITSA4.SA,31/05/2022,0.0235,01/07/2022
ITSA4.SA,31/05/2021,0.02,01/07/2021
ITSA4.SA,31/05/2019,0.02,01/07/2019
ITSA4.SA,31/05/2017,0.015,-
ITSA4.SA,31/05/2016,0.015,-
ITSA4.SA,31/05/2013,0.015,-
ITSA4.SA,31/05/2012,0.015,-
ITSA4.SA,31/05/2011,0.014,-
ITSA4.SA,31/05/2010,0.014,-
BBDC4.SA,31/05/1996,0.01,-
BBDC4.SA,31/03/2025,0.2278,31/10/2025
PETR4.SA,31/03/2005,1.0,-
PETR4.SA,31/03/2005,0.6,-
BBDC4.SA,31/03/1998,0.0129,-
BBDC4.SA,31/03/1997,0.01,-
BBDC4.SA,31/01/1997,0.01,-
BBDC4.SA,31/01/1996,0.01,-
BBDC4.SA,30/12/2024,0.294,31/07/2025
ITSA4.SA,30/12/2010,0.0874,-
ITSA4.SA,30/12/2009,0.035,-
ITSA4.SA,30/12/2008,0.0427,-
BBDC4.SA,30/12/2002,0.4611,-
BBDC4.SA,30/12/1997,0.0129,-
BBDC4.SA,30/12/1996,0.01,-
ITSA4.SA,30/11/2023,0.0235,02/01/2024
ITSA4.SA,30/11/2022,0.0235,02/01/2023
ITSA4.SA,30/11/2021,0.0235,03/01/2022
ITSA4.SA,30/11/2020,0.02,04/01/2021
ITSA4.SA,30/11/2018,0.02,02/01/2019
ITSA4.SA,30/11/2017,0.015,-
ITSA4.SA,30/11/2016,0.015,-
ITSA4.SA,30/11/2015,0.015,-
ITSA4.SA,30/11/2012,0.015,-
ITSA4.SA,30/11/2011,0.014,-
ITSA4.SA,30/11/2010,0.014,-
ITSA4.SA,30/11/2009,0.014,-
BBDC4.SA,30/09/2024,0.1975,30/04/2025
BBDC4.SA,30/09/2016,0.6282,-
PETR4.SA,30/09/2009,0.2,-
PETR4.SA,30/09/2004,2.99,-
BBDC4.SA,30/09/1998,0.0129,-
BBDC4.SA,30/09/1997,0.0129,-
BBDC4.SA,30/09/1996,0.01,-
ITSA4.SA,30/08/2024,0.0235,01/10/2024
ITSA4.SA,30/08/2019,0.02,01/10/2019
ITSA4.SA,30/08/2013,0.015,-
BBDC4.SA,30/08/1996,0.01,-
WEGE3.SA,30/07/2021,0.1582,11/08/2021
WEGE3.SA,30/07/2013,0.185,-
PETR4.SA,30/07/2010,0.2,-
TAEE11.SA,30/07/2008,0.9642,-
WEGE3.SA,30/07/1997,10.0,-
BBDC4.SA,30/06/2025,0.2972,-
WEGE3.SA,30/06/2017,0.0606,-
BBDC4.SA,30/06/2017,0.1897,-
BBDC4.SA,30/06/2006,0.3605,-
PETR4.SA,30/06/2005,2.0,-
BBDC4.SA,30/06/2004,0.9318,-
BBDC4.SA,30/06/2003,0.1553,-
BBDC4.SA,30/06/1998,0.0129,-
BBDC4.SA,30/06/1997,0.0129,-
ITSA4.SA,30/05/2025,0.0235,01/07/2025
ITSA4.SA,30/05/2018,0.015,02/07/2018
ITSA4.SA,30/05/2014,0.015,-
BBDC4.SA,30/05/1997,0.0118,-
SUZB3.SA,30/04/2015,0.1421,-
SUZB3.SA,30/04/2014,0.116,-
TAEE11.SA,30/04/2014,1.2008,-
SUZB3.SA,30/04/2013,0.0952,-
TAEE11.SA,30/04/2013,1.0429,-
SUZB3.SA,30/04/2010,0.011,-
SUZB3.SA,30/04/2004,12.9,-
SUZB3.SA,30/04/2002,3.51,-
BBDC4.SA,30/04/1998,0.0129,-
BBDC4.SA,30/04/1997,0.01,-
BBDC4.SA,30/04/1996,0.01,-
BBDC4.SA,30/01/1998,0.0129,-
SUZB3.SA,29/12/2010,0.4001,-
SUZB3.SA,29/12/2009,0.6468,-
PETR4.SA,29/12/2005,0.5,-
ITSA4.SA,29/11/2024,0.0235,02/01/2025
ITSA4.SA,29/11/2019,0.02,02/01/2020
SUZB3.SA,29/11/2017,0.183,-
ITSA4.SA,29/11/2013,0.015,-
BBDC4.SA,29/11/1996,0.01,-
SUZB3.SA,29/10/2009,0.1188,-
BBDC4.SA,29/09/2025,0.2972,-
WEGE3.SA,29/09/2017,0.0581,-
ITSA4.SA,29/08/2025,0.0235,01/10/2025
ITSA4.SA,29/08/2014,0.015,-
BBDC4.SA,29/08/1997,0.0129,-
WEGE3.SA,29/07/2016,0.0363,-
WEGE3.SA,29/06/2018,0.0392,15/08/2018
BBDC4.SA,29/06/2018,0.1897,16/07/2018
WEGE3.SA,29/06/2010,0.0588,-
BBDC4.SA,29/06/2005,0.627,-
PETR4.SA,29/06/2001,1.02,-
ITSA4.SA,29/05/2020,0.02,01/07/2020
ITSA4.SA,29/05/2015,0.015,-
ITSA4.SA,29/05/2009,0.014,-
BBDC4.SA,29/05/1998,0.0129,-
TAEE11.SA,29/04/2025,0.5533,28/05/2025
TAEE11.SA,29/04/2025,0.3219,27/11/2025
PETR4.SA,29/04/2013,0.38,-
SUZB3.SA,29/04/2011,0.0347,-
ITSA4.SA,29/04/2002,0.057,-
ITSA4.SA,29/03/2011,0.1117,-
PETR4.SA,29/03/2004,1.15,-
PETR4.SA,29/03/2004,1.0,-
BBDC4.SA,29/03/1996,0.01,-
ITSA4.SA,29/02/2024,0.0235,01/04/2024
ITSA4.SA,29/02/2016,0.015,-
ITSA4.SA,29/02/2012,0.0129,-
ITSA4.SA,29/02/2012,0.014,-
ITSA4.SA,29/02/2012,0.1348,-
BBDC4.SA,29/02/1996,0.01,-
BBDC4.SA,28/12/2020,0.4153,07/01/2021
BBDC4.SA,28/12/2007,0.5907,-
BBDC4.SA,28/12/2007,0.4411,-
PETR4.SA,28/12/2006,0.45,-
ITSA4.SA,28/12/2001,0.0412,-
BBDC4.SA,28/12/1995,0.006,-
ITSA4.SA,28/11/2014,0.015,-
ITSA4.SA,28/11/2008,0.014,-
BBDC4.SA,28/11/1997,0.0129,-
SUZB3.SA,28/08/2000,6.5,-
WEGE3.SA,28/07/2015,0.083,-
WEGE3.SA,28/07/2006,0.136,-
WEGE3.SA,28/06/2024,0.0628,14/08/2024
BBDC4.SA,28/06/2019,0.1898,15/07/2019
WEGE3.SA,28/06/2019,0.0429,14/08/2019
WEGE3.SA,28/06/2016,0.0667,-
BBDC4.SA,28/06/2010,0.1711,-
BBDC4.SA,28/06/2002,0.0776,-
BBDC4.SA,28/06/2001,0.0776,-
BBDC4.SA,28/06/1996,0.01,-
SUZB3.SA,28/04/2017,0.3502,-
PETR4.SA,28/04/2011,0.12,-
SUZB3.SA,28/04/2003,14.05,-
WEGE3.SA,28/02/2025,0.3027,12/03/2025
ITSA4.SA,28/02/2025,0.0235,01/04/2025
ITSA4.SA,28/02/2023,0.0235,03/04/2023
ITSA4.SA,28/02/2020,0.02,01/04/2020
ITSA4.SA,28/02/2019,0.02,01/04/2019
ITSA4.SA,28/02/2018,0.015,02/04/2018
ITSA4.SA,28/02/2014,0.015,-
ITSA4.SA,28/02/2011,0.014,-
BBDC4.SA,28/02/1997,0.01,-
ITSA4.SA,27/12/1999,0.0582,-
WEGE3.SA,27/09/2024,0.0701,12/03/2025
WEGE3.SA,27/07/2010,0.107,-
BBDC4.SA,27/06/2013,0.2071,-
BBDC4.SA,27/06/2012,0.207,-
BBDC4.SA,27/06/2011,0.1711,-
BBDC4.SA,27/06/2008,0.1322,-
BBDC4.SA,27/06/2007,0.1685,-
PETR4.SA,27/04/2023,0.8748,16/06/2023
PETR4.SA,27/04/2023,1.3729,19/05/2023
PETR4.SA,27/04/2023,0.4981,27/12/2023
ITSA4.SA,27/04/2021,0.0213,26/08/2021
TAEE11.SA,27/04/2012,4.879,-
TAEE11.SA,27/04/2011,4.6361,-
TAEE11.SA,27/04/2011,3.796,-
SUZB3.SA,27/04/2005,0.1084,-
PETR4.SA,27/03/2003,1.0,-
PETR4.SA,27/03/2003,0.53,-
ITSA4.SA,27/02/2015,0.015,-
ITSA4.SA,27/02/2009,0.014,-
ITSA4.SA,27/02/2007,0.1127,-
ITSA4.SA,27/02/2007,0.073,-
ITSA4.SA,27/02/2007,0.012,-
BBDC4.SA,27/02/1998,0.0129,-
PETR4.SA,26/12/2019,0.42,07/02/2020
ITSA4.SA,26/12/2011,0.14,-
PETR4.SA,26/12/2008,0.8,-
ITSA4.SA,26/12/2005,0.0095,-
ITSA4.SA,26/12/2005,0.136,-
ITSA4.SA,26/12/2005,0.038,-
ITSA4.SA,26/11/2007,0.023,-
ITSA4.SA,26/11/2007,0.012,-
WEGE3.SA,26/09/2025,0.1102,11/03/2026
TAEE11.SA,26/09/2014,1.1611,-
WEGE3.SA,26/07/2019,0.0891,14/08/2019
BBDC4.SA,26/06/2023,0.1969,06/07/2023
WEGE3.SA,26/06/2020,0.0382,12/08/2020
WEGE3.SA,26/06/2012,0.0765,-
SUZB3.SA,26/04/2018,0.1922,09/05/2018
WEGE3.SA,26/03/2021,0.0338,11/08/2021
WEGE3.SA,26/03/2013,0.0647,-
WEGE3.SA,26/02/2021,0.3494,10/03/2021
ITSA4.SA,26/02/2021,0.02,01/04/2021
WEGE3.SA,26/02/2013,0.206,-
ITSA4.SA,26/02/2010,0.014,-
WEGE3.SA,26/02/1996,2.77,-
WEGE3.SA,26/02/1996,1.41,-
PETR4.SA,25/11/2003,2.99,-
WEGE3.SA,25/09/2020,0.0345,10/03/2021
WEGE3.SA,25/09/2012,0.0765,-
WEGE3.SA,25/07/2025,0.1715,13/08/2025
ITSA4.SA,25/07/2023,0.0515,08/03/2024
WEGE3.SA,25/06/2021,0.0205,11/08/2021
WEGE3.SA,25/06/2013,0.0706,-
PETR4.SA,25/04/2024,0.5502,20/05/2024
PETR4.SA,25/04/2024,0.5502,20/06/2024
PETR4.SA,25/04/2019,0.019,20/05/2019
SUZB3.SA,25/04/2016,0.2838,-
SUZB3.SA,25/04/2007,0.021,-
WEGE3.SA,25/03/2022,0.0368,17/08/2022
ITSA4.SA,25/03/2021,0.0191,26/08/2021
WEGE3.SA,25/03/2014,0.0835,-
WEGE3.SA,25/02/2014,0.263,-
WEGE3.SA,24/09/2021,0.0207,16/03/2022
WEGE3.SA,24/09/2013,0.0765,-
WEGE3.SA,24/07/2020,0.1268,12/08/2020
WEGE3.SA,24/07/2012,0.1,-
WEGE3.SA,24/06/2022,0.0433,17/08/2022
BBDC4.SA,24/06/2014,0.207,-
WEGE3.SA,24/06/2014,0.0706,-
ITSA4.SA,24/05/2021,0.0184,26/08/2021
TAEE11.SA,24/05/2016,0.2704,-
TAEE11.SA,24/05/2016,0.3727,-
ITSA4.SA,24/03/2022,0.1134,30/08/2022
WEGE3.SA,24/03/2017,0.0653,-
WEGE3.SA,24/03/2015,0.0835,-
PETR4.SA,24/03/1999,4.5515,-
PETR4.SA,24/03/1999,1.8893,-
PETR4.SA,24/03/1998,0.2049,-
PETR4.SA,24/03/1998,0.6694,-
PETR4.SA,24/03/1998,3.2078,-
PETR4.SA,24/03/1998,2.0703,-
WEGE3.SA,24/02/2017,0.0637,-
ITSA4.SA,24/02/2017,0.015,-
WEGE3.SA,24/02/2015,0.2076,-
PETR4.SA,23/12/2024,0.6641,20/02/2025
PETR4.SA,23/12/2024,0.0105,20/03/2025
PETR4.SA,23/12/2024,0.6536,20/03/2025
BBDC4.SA,23/12/2013,0.3548,-
ITSA4.SA,23/12/1998,0.0028,-
WEGE3.SA,23/12/1997,0.012,-
WEGE3.SA,23/12/1997,0.013,-
ITSA4.SA,23/11/2021,0.1547,11/03/2022
TAEE11.SA,23/11/2016,0.1212,-
TAEE11.SA,23/11/2016,0.4269,-
WEGE3.SA,23/09/2022,0.0441,15/03/2023
WEGE3.SA,23/09/2016,0.0581,-
WEGE3.SA,23/09/2014,0.0718,-
WEGE3.SA,23/07/2009,0.115,-
WEGE3.SA,23/07/2004,0.14,-
WEGE3.SA,23/06/2023,0.0583,16/08/2023
WEGE3.SA,23/06/2015,0.0488,-
ITSA4.SA,23/06/2006,0.012,-
ITSA4.SA,23/06/2005,0.0095,-
ITSA4.SA,23/06/1997,0.0024,-
PETR4.SA,23/05/2022,0.4302,20/06/2022
PETR4.SA,23/05/2022,1.8578,20/07/2022
PETR4.SA,23/05/2022,1.4276,20/06/2022
ITSA4.SA,23/03/2023,0.0773,25/08/2023
WEGE3.SA,23/03/2018,0.0525,15/08/2018
WEGE3.SA,23/03/2010,0.0506,-
WEGE3.SA,23/03/2009,0.0529,-
PETR4.SA,23/03/2001,1.67,-
PETR4.SA,23/03/2001,0.57,-
PETR4.SA,23/03/2000,4.27,-
PETR4.SA,23/03/2000,3.58,-
WEGE3.SA,23/02/2024,0.2979,13/03/2024
WEGE3.SA,23/02/2016,0.0809,-
WEGE3.SA,23/02/2010,0.205,-
ITSA4.SA,22/12/2017,0.1681,-
BBDC4.SA,22/12/2017,0.8299,-
ITSA4.SA,22/12/2016,0.048,-
ITSA4.SA,22/12/2016,0.228,-
BBDC4.SA,22/12/2014,0.6494,-
SUZB3.SA,22/12/2011,0.2488,-
ITSA4.SA,22/12/2000,0.0537,-
WEGE3.SA,22/09/2023,0.0598,13/03/2024
WEGE3.SA,22/09/2015,0.0541,-
ITSA4.SA,22/09/1998,0.0024,-
SUZB3.SA,22/08/2001,1.94,-
WEGE3.SA,22/07/2022,0.1319,17/08/2022
PETR4.SA,22/07/2020,0.0004,15/12/2020
WEGE3.SA,22/07/2014,0.1554,-
ITSA4.SA,22/06/2023,0.1144,25/08/2023
BBDC4.SA,22/06/2016,0.1898,-
BBDC4.SA,22/06/2015,0.1899,-
ITSA4.SA,22/06/1999,0.0028,-
TAEE11.SA,22/05/2017,0.2268,-
TAEE11.SA,22/05/2017,0.2904,-
TAEE11.SA,22/04/2015,0.7395,-
PETR4.SA,22/04/2010,0.13,-
PETR4.SA,22/04/2010,0.1172,-
WEGE3.SA,22/03/2024,0.0578,14/08/2024
WEGE3.SA,22/03/2019,0.0464,14/08/2019
WEGE3.SA,22/03/2016,0.0553,-
WEGE3.SA,22/03/2011,0.0682,-
PETR4.SA,22/03/2002,0.89,-
PETR4.SA,22/03/2002,1.3,-
ITSA4.SA,22/02/2024,0.3005,08/03/2024
WEGE3.SA,22/02/2019,0.0829,13/03/2019
ITSA4.SA,22/02/2018,0.374,07/03/2018
ITSA4.SA,22/02/2018,0.1103,07/03/2018
ITSA4.SA,22/02/2018,0.185,05/04/2018
WEGE3.SA,22/02/2011,0.163,-
ITSA4.SA,22/02/2008,0.012,-
ITSA4.SA,22/02/2008,0.085,-
ITSA4.SA,22/02/2008,0.173,-
ITSA4.SA,22/01/2021,0.0208,12/03/2021
BBDC4.SA,21/12/2023,0.492,28/06/2024
BBDC4.SA,21/12/2023,0.1969,02/01/2024
BBDC4.SA,21/12/2018,0.7302,08/03/2019
PETR4.SA,21/12/2018,0.7,-
WEGE3.SA,21/12/2018,0.0514,13/03/2019
BBDC4.SA,21/12/2016,0.2824,-
BBDC4.SA,21/12/2012,0.5638,-
ITSA4.SA,21/12/2012,0.097,-
ITSA4.SA,21/12/2012,0.11,-
WEGE3.SA,21/12/2010,0.0588,-
PETR4.SA,21/12/2010,0.2,-
PETR4.SA,21/11/2023,0.6722,20/02/2024
PETR4.SA,21/11/2023,0.4294,20/02/2024
PETR4.SA,21/11/2023,0.2431,20/02/2024
PETR4.SA,21/11/2022,1.1558,20/12/2022
PETR4.SA,21/11/2022,1.6002,19/01/2023
PETR4.SA,21/11/2022,0.5186,20/12/2022
PETR4.SA,21/11/2022,0.0743,19/01/2023
PETR4.SA,21/11/2018,0.1,03/12/2018
ITSA4.SA,21/09/2023,0.1165,08/03/2024
WEGE3.SA,21/09/2018,0.0393,13/03/2019
WEGE3.SA,21/09/2010,0.0553,-
ITSA4.SA,21/09/2006,0.012,-
SUZB3.SA,21/09/2004,0.1833,-
ITSA4.SA,21/09/2004,0.0073,-
PETR4.SA,21/08/2025,0.2009,22/12/2025
PETR4.SA,21/08/2025,0.135,22/12/2025
PETR4.SA,21/08/2025,0.336,21/11/2025
PETR4.SA,21/08/2024,0.4128,21/11/2024
PETR4.SA,21/08/2024,0.1138,21/11/2024
PETR4.SA,21/08/2024,0.5266,20/12/2024
PETR4.SA,21/08/2023,0.5747,15/12/2023
PETR4.SA,21/08/2023,0.3655,21/11/2023
PETR4.SA,21/08/2023,0.2092,21/11/2023
ITSA4.SA,21/08/2009,0.0512,-
WEGE3.SA,21/07/2023,0.1452,16/08/2023
WEGE3.SA,21/07/2017,0.053,-
WEGE3.SA,21/07/2011,0.097,-
WEGE3.SA,21/07/2008,0.163,-
WEGE3.SA,21/07/2005,0.096,-
WEGE3.SA,21/07/1999,0.0229,-
WEGE3.SA,21/06/2011,0.0765,-
ITSA4.SA,21/06/2007,0.012,-
WEGE3.SA,21/06/2005,0.0165,-
ITSA4.SA,21/06/2004,0.0073,-
PETR4.SA,21/05/2019,0.1,05/07/2019
PETR4.SA,21/05/2018,0.05,29/05/2018
PETR4.SA,21/05/2010,0.2,-
WEGE3.SA,21/03/2025,0.0807,13/08/2025
ITSA4.SA,21/03/2024,0.07,30/08/2024
PETR4.SA,21/03/2011,0.1493,-
ITSA4.SA,21/03/2000,0.0028,-
PETR4.SA,21/03/1997,2.0,-
PETR4.SA,21/03/1997,2.1263,-
PETR4.SA,21/03/1996,5.1471,-
WEGE3.SA,21/02/2020,0.1678,11/03/2020
ITSA4.SA,21/02/2019,0.3111,07/03/2019
ITSA4.SA,21/02/2019,0.4532,07/03/2019
WEGE3.SA,20/12/2024,0.0798,12/03/2025
BBDC4.SA,20/12/2021,0.2163,30/12/2021
BBDC4.SA,20/12/2021,0.0216,30/12/2021
WEGE3.SA,20/12/2019,0.0382,11/03/2020
ITSA4.SA,20/12/2013,0.086,-
WEGE3.SA,20/12/2011,0.0824,-
SUZB3.SA,20/12/2007,0.249,-
WEGE3.SA,20/09/2019,0.0409,11/03/2020
WEGE3.SA,20/09/2011,0.0824,-
ITSA4.SA,20/09/2005,0.0095,-
WEGE3.SA,20/07/2018,0.0824,15/08/2018
WEGE3.SA,20/07/1998,0.0176,-
ITSA4.SA,20/06/2025,0.0591,29/08/2025
WEGE3.SA,20/06/2025,0.0941,13/08/2025
ITSA4.SA,20/06/2024,0.0946,30/08/2024
BBDC4.SA,20/06/2022,0.1966,30/06/2022
ITSA4.SA,20/06/2008,0.014,-
WEGE3.SA,20/06/2006,0.0141,-
WEGE3.SA,20/03/2020,0.0302,12/08/2020
WEGE3.SA,20/03/2012,0.0765,-
ITSA4.SA,20/02/2020,0.226,06/03/2020
ITSA4.SA,20/02/2020,0.2174,06/03/2020
ITSA4.SA,20/02/2017,0.049,-
ITSA4.SA,20/02/2017,0.1188,-
BBDC4.SA,19/12/2019,0.5537,30/12/2019
ITSA4.SA,19/12/2014,0.0356,-
ITSA4.SA,19/12/2006,0.1275,-
ITSA4.SA,19/12/2006,0.012,-
SUZB3.SA,19/12/2005,0.504,-
ITSA4.SA,19/12/2000,0.0028,-
TAEE11.SA,19/11/2019,0.1898,29/11/2019
TAEE11.SA,19/11/2019,0.3517,29/11/2019
ITSA4.SA,19/10/2023,0.0515,08/03/2024
ITSA4.SA,19/09/2024,0.0484,07/03/2025
WEGE3.SA,19/07/2007,0.196,-
SUZB3.SA,19/07/2006,0.1911,-
ITSA4.SA,19/06/2001,0.0028,-
TAEE11.SA,19/05/2020,0.5238,28/05/2020
TAEE11.SA,19/05/2020,0.1779,28/05/2020
PETR4.SA,19/03/2012,0.12,-
ITSA4.SA,19/03/2002,0.0028,-
WEGE3.SA,19/02/2008,0.129,-
ITSA4.SA,18/12/2023,0.0794,08/03/2024
WEGE3.SA,18/12/2020,0.0369,10/03/2021
TAEE11.SA,18/12/2017,0.2703,-
TAEE11.SA,18/12/2015,0.32,-
TAEE11.SA,18/12/2015,0.2379,-
TAEE11.SA,18/12/2012,0.4644,-
WEGE3.SA,18/12/2012,0.0694,-
PETR4.SA,18/12/2009,0.2,-
WEGE3.SA,18/12/1998,0.0324,-
WEGE3.SA,18/12/1998,0.0025,-
ITSA4.SA,18/11/2022,0.0515,02/10/2023
ITSA4.SA,18/09/2008,0.014,-
WEGE3.SA,18/09/2008,0.0459,-
ITSA4.SA,18/09/2007,0.012,-
SUZB3.SA,18/09/2007,0.2932,-
ITSA4.SA,18/09/2003,0.0056,-
ITSA4.SA,18/09/2001,0.0028,-
ITSA4.SA,18/09/2000,0.0028,-
ITSA4.SA,18/09/1996,0.0024,-
TAEE11.SA,18/08/2025,0.2302,27/11/2025
ITSA4.SA,18/08/2025,0.1859,29/08/2025
TAEE11.SA,18/08/2025,0.639,27/11/2025
ITSA4.SA,18/08/2022,0.0103,30/08/2022
ITSA4.SA,18/08/2022,0.0494,29/12/2023
WEGE3.SA,18/07/2002,0.05,-
WEGE3.SA,18/06/2007,0.0141,-
ITSA4.SA,18/06/2003,0.0056,-
ITSA4.SA,18/06/1998,0.0024,-
ITSA4.SA,18/06/1996,0.0024,-
TAEE11.SA,18/05/2021,0.1887,27/05/2021
TAEE11.SA,18/05/2021,1.1657,27/05/2021
SUZB3.SA,18/04/2019,0.4447,30/04/2019
TAEE11.SA,18/04/2016,0.9366,-
WEGE3.SA,18/03/2008,0.0447,-
ITSA4.SA,18/03/2003,0.0054,-
ITSA4.SA,18/03/2003,0.0436,-
ITSA4.SA,18/03/2003,0.004,-
WEGE3.SA,18/02/2022,0.2052,16/03/2022
ITSA4.SA,18/02/2016,0.0755,-
ITSA4.SA,18/02/2016,0.1063,-
ITSA4.SA,18/02/2014,0.114,-
ITSA4.SA,18/02/2014,0.0626,-
SUZB3.SA,18/01/2022,0.7412,27/01/2022
WEGE3.SA,17/12/2021,0.032,16/03/2022
ITSA4.SA,17/12/2018,0.0081,30/04/2019
TAEE11.SA,17/12/2018,0.3993,28/12/2018
WEGE3.SA,17/12/2013,0.0847,-
SUZB3.SA,17/12/2004,0.2186,-
WEGE3.SA,17/12/2004,0.0129,-
ITSA4.SA,17/12/1999,0.0028,-
WEGE3.SA,17/12/1999,0.0218,-
ITSA4.SA,17/12/1997,0.0024,-
ITSA4.SA,17/12/1996,0.0024,-
BBDC4.SA,17/10/2019,1.0435,23/10/2019
TAEE11.SA,17/09/2015,0.4723,-
TAEE11.SA,17/09/2015,0.4277,-
WEGE3.SA,17/09/2009,0.0471,-
ITSA4.SA,17/09/2002,0.004,-
ITSA4.SA,17/09/1999,0.0028,-
ITSA4.SA,17/08/2023,0.0235,02/10/2023
TAEE11.SA,17/08/2020,0.1706,26/08/2020
TAEE11.SA,17/08/2020,0.6402,26/08/2020
ITSA4.SA,17/08/2020,0.02,26/08/2020
ITSA4.SA,17/08/2018,0.1992,30/08/2018
ITSA4.SA,17/08/2018,0.0096,30/08/2018
TAEE11.SA,17/08/2016,0.5052,-
TAEE11.SA,17/08/2016,0.0711,-
PETR4.SA,17/08/2007,0.5,-
ITSA4.SA,17/08/2007,0.051,-
WEGE3.SA,17/07/2003,0.0088,-
WEGE3.SA,17/07/2003,0.0725,-
BBDC4.SA,17/06/2024,0.3951,31/01/2025
WEGE3.SA,17/06/2008,0.0459,-
TAEE11.SA,17/05/2019,0.0548,28/05/2019
TAEE11.SA,17/05/2019,0.2261,28/05/2019
WEGE3.SA,17/03/2023,0.0532,16/08/2023
WEGE3.SA,17/03/2005,0.0118,-
ITSA4.SA,17/02/2025,0.0922,22/04/2025
ITSA4.SA,17/02/2025,0.1011,07/03/2025
ITSA4.SA,17/02/2025,0.4082,07/03/2025
WEGE3.SA,17/02/2023,0.2263,15/03/2023
BBDC4.SA,17/02/2021,0.0218,08/03/2021
BBDC4.SA,17/02/2020,0.064,28/02/2020
WEGE3.SA,17/02/2005,0.129,-
ITSA4.SA,17/02/2004,0.0146,-
SUZB3.SA,16/12/2024,2.0174,10/01/2025
SUZB3.SA,16/12/2022,1.7948,27/12/2022
WEGE3.SA,16/12/2022,0.0544,15/03/2023
TAEE11.SA,16/12/2019,0.1804,27/12/2019
WEGE3.SA,16/12/2016,0.0787,-
BBDC4.SA,16/12/2015,0.8445,-
WEGE3.SA,16/12/2014,0.0765,-
WEGE3.SA,16/12/2008,0.0471,-
ITSA4.SA,16/12/2003,0.075,-
ITSA4.SA,16/12/2003,0.0585,-
ITSA4.SA,16/12/2003,0.0056,-
ITSA4.SA,16/12/2002,0.0476,-
ITSA4.SA,16/12/2002,0.004,-
TAEE11.SA,16/11/2020,1.1924,25/11/2020
TAEE11.SA,16/11/2020,0.1696,25/11/2020
TAEE11.SA,16/11/2017,0.1291,-
TAEE11.SA,16/11/2017,0.1393,-
TAEE11.SA,16/10/2009,3.4435,-
ITSA4.SA,16/09/1997,0.0024,-
PETR4.SA,16/08/2021,1.6099,25/08/2021
TAEE11.SA,16/08/2017,0.002,-
TAEE11.SA,16/08/2017,0.2009,-
WEGE3.SA,16/06/2009,0.0471,-
ITSA4.SA,16/06/2000,0.0028,-
PETR4.SA,16/04/2025,0.3548,20/05/2025
PETR4.SA,16/04/2025,0.3548,20/06/2025
WEGE3.SA,16/03/2006,0.0141,-
SUZB3.SA,16/03/2001,5.07,-
ITSA4.SA,16/03/1999,0.0028,-
WEGE3.SA,16/02/2009,0.141,-
WEGE3.SA,16/02/2006,0.119,-
WEGE3.SA,15/12/2023,0.0719,13/03/2024
TAEE11.SA,15/12/2020,0.1574,28/12/2020
WEGE3.SA,15/12/2017,0.0571,-
WEGE3.SA,15/12/2015,0.0588,-
WEGE3.SA,15/12/2005,0.0118,-
WEGE3.SA,15/12/2000,0.0318,-
WEGE3.SA,15/09/2005,0.0129,-
TAEE11.SA,15/08/2024,0.305,27/11/2024
TAEE11.SA,15/08/2024,0.3431,27/11/2024
TAEE11.SA,15/08/2022,0.5746,26/08/2022
TAEE11.SA,15/08/2022,0.8964,26/08/2022
ITSA4.SA,15/08/2019,0.3405,23/08/2019
ITSA4.SA,15/08/2008,0.0435,-
ITSA4.SA,15/08/2003,0.0205,-
ITSA4.SA,15/08/2000,0.0173,-
WEGE3.SA,15/03/2007,0.0141,-
WEGE3.SA,15/02/2001,0.01,-
WEGE3.SA,14/12/2009,0.0176,-
WEGE3.SA,14/12/2006,0.0118,-
WEGE3.SA,14/12/2001,0.0376,-
WEGE3.SA,14/12/2001,0.028,-
ITSA4.SA,14/12/2001,0.0028,-
TAEE11.SA,14/11/2022,0.3292,05/12/2022
TAEE11.SA,14/11/2022,0.1311,05/12/2022
TAEE11.SA,14/11/2022,0.6003,05/12/2022
WEGE3.SA,14/09/2007,0.0129,-
WEGE3.SA,14/09/2006,0.0294,-
ITSA4.SA,14/08/2017,0.079,-
ITSA4.SA,14/08/2001,0.019,-
BBDC4.SA,14/07/1998,0.2501,-
ITSA4.SA,14/06/2002,0.004,-
TAEE11.SA,14/05/2018,0.1909,23/05/2018
TAEE11.SA,14/05/2018,0.546,23/05/2018
PETR4.SA,14/04/2021,0.7874,29/04/2021
WEGE3.SA,14/02/2012,0.14,-
ITSA4.SA,14/01/2022,0.1333,11/03/2022
PRIO3.SA,13/12/2023,0.0726,22/12/2023
ITSA4.SA,13/12/2021,0.0235,01/04/2022
WEGE3.SA,13/12/2007,0.1176,-
TAEE11.SA,13/11/2023,0.5819,15/12/2023
TAEE11.SA,13/11/2023,0.0118,15/12/2023
ITSA4.SA,13/08/2021,0.0373,26/08/2021
PETR4.SA,13/08/2018,0.05,23/08/2018
ITSA4.SA,13/08/2014,0.082,-
ITSA4.SA,13/08/2004,0.0246,-
ITSA4.SA,13/08/2002,0.019,-
ITSA4.SA,13/08/1999,0.016,-
ITSA4.SA,13/08/1996,0.0044,-
WEGE3.SA,13/07/2000,0.0329,-
WEGE3.SA,13/06/2001,0.0318,-
WEGE3.SA,13/06/2001,0.013,-
TAEE11.SA,13/05/2024,0.4206,27/06/2024
PETR4.SA,13/04/2022,2.8611,16/05/2022
WEGE3.SA,13/02/2007,0.165,-
WEGE3.SA,13/02/2003,0.095,-
ITSA4.SA,12/12/2019,0.006,30/04/2020
TAEE11.SA,12/12/2013,0.6096,-
TAEE11.SA,12/12/2013,0.5515,-
BBDC4.SA,12/12/2011,0.6338,-
SUZB3.SA,12/12/2006,0.1713,-
SUZB3.SA,12/12/2003,11.72,-
SUZB3.SA,12/11/2015,0.1137,-
PETR4.SA,12/11/2002,1.0,-
PETR4.SA,12/08/2019,0.2,04/10/2019
ITSA4.SA,12/08/2016,0.079,-
ITSA4.SA,12/08/2015,0.0865,-
ITSA4.SA,12/08/2005,0.038,-
ITSA4.SA,12/08/1997,0.0078,-
PETR4.SA,12/06/2023,0.2782,18/08/2023
PETR4.SA,12/06/2023,0.6686,18/08/2023
PETR4.SA,12/06/2023,0.9468,20/09/2023
TAEE11.SA,12/05/2025,0.5465,27/08/2025
ITSA4.SA,12/03/1996,0.005,-
ITSA4.SA,12/03/1996,0.0019,-
WEGE3.SA,12/02/2004,0.114,-
WEGE3.SA,12/02/1997,13.31,-
PETR4.SA,11/12/2024,1.5517,23/12/2024
ITSA4.SA,11/12/2024,0.0581,07/03/2025
WEGE3.SA,11/12/2003,0.0082,-
TAEE11.SA,11/11/2024,0.3999,29/01/2025
TAEE11.SA,11/11/2024,0.2691,29/01/2025
PETR4.SA,11/11/2019,0.2,07/02/2020
PETR4.SA,11/11/2011,0.2,-
BBDC4.SA,11/11/2005,1.9316,-
PETR4.SA,11/08/2022,2.9389,31/08/2022
PETR4.SA,11/08/2022,3.366,20/09/2022
PETR4.SA,11/08/2022,0.4271,31/08/2022
ITSA4.SA,11/08/2006,0.048,-
ITSA4.SA,11/08/1998,0.0101,-
PETR4.SA,11/06/2024,0.4474,20/09/2024
PETR4.SA,11/06/2024,0.5208,20/08/2024
PETR4.SA,11/06/2024,0.0734,20/09/2024
PETR4.SA,11/05/2012,0.2,-
PETR4.SA,11/05/2011,0.2,-
BBDC4.SA,11/02/2011,0.0877,-
PETR4.SA,11/01/2008,0.3,-
ITSA4.SA,10/12/2020,0.1017,12/03/2021
ITSA4.SA,10/08/2010,0.0716,-
SUZB3.SA,10/08/2010,0.1588,-
BBDC4.SA,10/07/1996,0.1,-
TAEE11.SA,10/03/2009,0.1036,-
TAEE11.SA,10/03/2008,0.1405,-
TAEE11.SA,10/03/2008,0.6217,-
ITSA4.SA,10/02/2015,0.1741,-
ITSA4.SA,10/02/2015,0.0916,-
BBDC4.SA,10/02/2014,0.2132,-
BBDC4.SA,10/02/2012,0.0415,-
BBDC4.SA,10/02/2010,0.0236,-
TAEE11.SA,10/01/2023,1.3353,23/01/2023
ITSA4.SA,09/12/2015,0.1209,-
BBDC4.SA,09/12/1997,0.3878,-
TAEE11.SA,09/11/2018,0.7116,22/11/2018
TAEE11.SA,09/08/2018,0.2105,20/08/2018
TAEE11.SA,09/08/2018,0.2665,20/08/2018
ITSA4.SA,09/08/2011,0.078,-
TAEE11.SA,09/05/2022,1.8963,31/05/2022
TAEE11.SA,09/05/2022,0.4267,31/05/2022
ITSA4.SA,09/03/2021,0.0155,26/08/2021
ITSA4.SA,09/03/2009,0.138,-
ITSA4.SA,09/03/2009,0.1312,-
ITSA4.SA,09/03/2004,0.0056,-
ITSA4.SA,09/03/2001,0.0298,-
ITSA4.SA,09/03/2001,0.0028,-
BBDC4.SA,09/02/2015,0.1575,-
ITSA4.SA,08/12/2022,0.141,28/04/2023
ITSA4.SA,08/12/2022,0.0445,29/12/2023
BBDC4.SA,08/12/1998,0.3258,-
TAEE11.SA,08/11/2010,1.2106,-
TAEE11.SA,08/08/2019,0.5226,19/08/2019
TAEE11.SA,08/08/2019,0.1994,19/08/2019
PETR4.SA,08/04/2009,0.33,-
SUZB3.SA,07/12/2023,1.1634,10/01/2024
ITSA4.SA,07/12/2004,0.0262,-
ITSA4.SA,07/12/2004,0.0073,-
ITSA4.SA,07/12/2004,0.1115,-
TAEE11.SA,07/08/2023,0.6277,29/08/2023
TAEE11.SA,07/08/2023,0.2821,29/08/2023
ITSA4.SA,07/03/2006,0.03,-
ITSA4.SA,07/03/2006,0.0095,-
ITSA4.SA,07/03/2005,0.0133,-
ITSA4.SA,07/03/2005,0.0112,-
ITSA4.SA,07/03/2005,0.0073,-
TAEE11.SA,06/12/2021,0.5864,29/12/2021
TAEE11.SA,06/12/2021,0.9317,29/12/2021
BBDC4.SA,06/12/2010,0.5307,-
BBDC4.SA,06/12/2004,5.9835,-
BBDC4.SA,06/12/2001,0.033,-
BBDC4.SA,06/12/2001,0.352,-
BBDC4.SA,06/12/2000,0.0627,-
BBDC4.SA,06/12/2000,0.375,-
BBDC4.SA,06/12/1999,0.5923,-
ITSA4.SA,06/08/2013,0.071,-
TAEE11.SA,06/05/2020,0.1793,15/05/2020
BBDC4.SA,06/03/2006,0.368,-
BBDC4.SA,06/01/2023,0.5834,08/03/2023
BBDC4.SA,05/12/2008,0.6286,-
BBDC4.SA,05/12/2003,0.5634,-
PETR4.SA,05/10/2007,0.5,-
BBDC4.SA,05/10/2006,0.8628,-
BBDC4.SA,05/10/2006,0.6259,-
WEGE3.SA,05/08/1996,4.67,-
BBDC4.SA,05/07/2000,0.1294,-
BBDC4.SA,05/07/1999,0.1294,-
BBDC4.SA,05/04/1999,0.0129,-
BBDC4.SA,05/03/2025,0.019,01/04/2025
BBDC4.SA,05/03/2014,0.0207,-
ITSA4.SA,05/03/2013,0.1258,-
BBDC4.SA,05/03/2007,0.0419,-
BBDC4.SA,05/03/2003,0.0155,-
BBDC4.SA,05/02/2013,0.0731,-
TAEE11.SA,04/12/2014,0.5718,-
BBDC4.SA,04/12/2009,0.5497,-
BBDC4.SA,04/07/1997,0.1365,-
SUZB3.SA,04/05/2022,0.5928,13/05/2022
TAEE11.SA,04/05/2021,1.6312,27/05/2021
BBDC4.SA,04/05/2020,0.019,01/06/2020
TAEE11.SA,04/05/2017,0.5072,-
BBDC4.SA,04/05/2015,0.019,-
BBDC4.SA,04/05/2009,0.0145,-
PETR4.SA,04/04/2008,0.05,-
PETR4.SA,04/04/2008,0.15,-
ITSA4.SA,04/03/2011,0.0472,-
BBDC4.SA,04/01/2021,0.019,01/02/2021
BBDC4.SA,04/01/2016,0.019,-
BBDC4.SA,04/01/2010,0.0145,-
BBDC4.SA,04/01/1999,0.0129,-
BBDC4.SA,03/12/2018,0.019,02/01/2019
BBDC4.SA,03/12/2012,0.0207,-
BBDC4.SA,03/12/2007,0.0198,-
BBDC4.SA,03/12/2001,0.0129,-
BBDC4.SA,03/11/2020,0.019,01/12/2020
BBDC4.SA,03/11/2015,0.019,-
BBDC4.SA,03/11/2014,0.0207,-
BBDC4.SA,03/11/2009,0.0145,-
BBDC4.SA,03/11/2008,0.0132,-
BBDC4.SA,03/11/2003,0.0155,-
BBDC4.SA,03/11/1998,0.0129,-
BBDC4.SA,03/10/2022,0.019,01/11/2022
BBDC4.SA,03/10/2016,0.019,-
BBDC4.SA,03/10/2011,0.016,-
BBDC4.SA,03/10/2005,0.0627,-
BBDC4.SA,03/09/2018,0.019,01/10/2018
BBDC4.SA,03/09/2012,0.0207,-
BBDC4.SA,03/09/2007,0.0198,-
BBDC4.SA,03/09/2001,0.0129,-
BBDC4.SA,03/08/2020,0.019,01/09/2020
BBDC4.SA,03/08/2015,0.019,-
BBDC4.SA,03/08/2009,0.0145,-
PETR4.SA,03/08/2001,0.03,-
BBDC4.SA,03/07/2023,0.019,01/08/2023
BBDC4.SA,03/07/2017,0.019,-
BBDC4.SA,03/07/2009,0.1711,-
PETR4.SA,03/07/2009,0.3,-
BBDC4.SA,03/07/2006,0.0361,-
BBDC4.SA,03/07/2000,0.0129,-
BBDC4.SA,03/06/2024,0.019,01/07/2024
BBDC4.SA,03/06/2019,0.019,01/07/2019
BBDC4.SA,03/06/2013,0.0207,-
BBDC4.SA,03/06/2002,0.0129,-
TAEE11.SA,03/05/2024,1.1329,16/05/2024
TAEE11.SA,03/05/2023,0.0756,29/08/2023
BBDC4.SA,03/05/2021,0.019,01/06/2021
TAEE11.SA,03/05/2019,0.166,14/05/2019
BBDC4.SA,03/05/2010,0.0145,-
BBDC4.SA,03/05/2004,0.1553,-
BBDC4.SA,03/05/1999,0.0129,-
BBDC4.SA,03/04/2023,0.019,02/05/2023
BBDC4.SA,03/04/2017,0.019,-
PETR4.SA,03/04/2006,0.25,-
BBDC4.SA,03/04/2006,0.0361,-
PETR4.SA,03/04/2006,0.35,-
BBDC4.SA,03/04/2000,0.0129,-
BBDC4.SA,03/03/2008,0.0198,-
BBDC4.SA,03/03/2008,0.0338,-
ITSA4.SA,03/03/1998,0.0116,-
ITSA4.SA,03/03/1998,0.01,-
ITSA4.SA,03/03/1998,0.0024,-
ITSA4.SA,03/03/1997,0.006,-
ITSA4.SA,03/03/1997,0.0024,-
BBDC4.SA,03/02/2025,0.019,05/03/2025
BBDC4.SA,03/02/2020,0.019,02/03/2020
BBDC4.SA,03/02/2014,0.0207,-
BBDC4.SA,03/02/2003,0.0129,-
TAEE11.SA,03/01/2024,0.6618,16/01/2024
BBDC4.SA,03/01/2022,0.019,01/02/2022
BBDC4.SA,03/01/2011,0.0145,-
BBDC4.SA,03/01/2005,0.0518,-
BBDC4.SA,03/01/2000,0.0129,-
BBDC4.SA,03/01/1997,0.1,-
BBDC4.SA,02/12/2024,0.019,02/01/2025
BBDC4.SA,02/12/2019,0.019,02/01/2020
BBDC4.SA,02/12/2013,0.0207,-
BBDC4.SA,02/12/2002,0.0129,-
BBDC4.SA,02/10/2023,0.019,01/11/2023
BBDC4.SA,02/10/2017,0.019,-
BBDC4.SA,02/10/2006,0.0361,-
BBDC4.SA,02/10/2000,0.0129,-
ITSA4.SA,02/10/1998,0.0236,-
BBDC4.SA,02/09/2024,0.019,01/10/2024
BBDC4.SA,02/09/2019,0.019,01/10/2019
BBDC4.SA,02/09/2013,0.0207,-
BBDC4.SA,02/09/2002,0.0129,-
WEGE3.SA,02/08/2024,0.1876,14/08/2024
BBDC4.SA,02/08/2021,0.019,01/09/2021
PETR4.SA,02/08/2011,0.2,-
BBDC4.SA,02/08/2010,0.0145,-
BBDC4.SA,02/08/2004,0.1553,-
BBDC4.SA,02/08/1999,0.0129,-
BBDC4.SA,02/07/2021,0.539,12/07/2021
BBDC4.SA,02/07/2018,0.019,01/08/2018
BBDC4.SA,02/07/2012,0.0207,-
BBDC4.SA,02/07/2007,0.0198,-
BBDC4.SA,02/07/2001,0.0129,-
BBDC4.SA,02/06/2025,0.019,01/07/2025
PETR4.SA,02/06/2025,0.4546,20/08/2025
PETR4.SA,02/06/2025,0.3084,22/09/2025
PETR4.SA,02/06/2025,0.1461,22/09/2025
BBDC4.SA,02/06/2014,0.0207,-
BBDC4.SA,02/06/2008,0.0132,-
BBDC4.SA,02/06/2003,0.0155,-
BBDC4.SA,02/05/2025,0.019,02/06/2025
BBDC4.SA,02/05/2024,0.019,03/06/2024
PETR4.SA,02/05/2024,0.8496,20/06/2024
PETR4.SA,02/05/2024,0.8496,20/05/2024
BBDC4.SA,02/05/2023,0.019,01/06/2023
BBDC4.SA,02/05/2022,0.019,01/06/2022
BBDC4.SA,02/05/2019,0.019,03/06/2019
TAEE11.SA,02/05/2018,0.4625,11/05/2018
BBDC4.SA,02/05/2018,0.019,01/06/2018
BBDC4.SA,02/05/2017,0.019,-
BBDC4.SA,02/05/2016,0.019,-
BBDC4.SA,02/05/2014,0.0207,-
BBDC4.SA,02/05/2013,0.0207,-
BBDC4.SA,02/05/2012,0.0176,-
BBDC4.SA,02/05/2011,0.0145,-
BBDC4.SA,02/05/2008,0.0132,-
BBDC4.SA,02/05/2007,0.0198,-
BBDC4.SA,02/05/2006,0.0361,-
BBDC4.SA,02/05/2005,0.0627,-
BBDC4.SA,02/05/2003,0.0155,-
BBDC4.SA,02/05/2002,0.0129,-
BBDC4.SA,02/05/2001,0.0129,-
BBDC4.SA,02/05/2000,0.0129,-
BBDC4.SA,02/04/2018,0.019,02/05/2018
PETR4.SA,02/04/2014,0.9672,-
BBDC4.SA,02/04/2012,0.0176,-
PETR4.SA,02/04/2007,0.35,-
BBDC4.SA,02/04/2007,0.0198,-
BBDC4.SA,02/04/2001,0.0129,-
BBDC4.SA,02/03/2022,0.019,01/04/2022
BBDC4.SA,02/03/2020,0.019,01/04/2020
WEGE3.SA,02/03/2018,0.0821,14/03/2018
BBDC4.SA,02/03/2015,0.0207,-
ITSA4.SA,02/03/2010,0.1085,-
ITSA4.SA,02/03/2010,0.073,-
BBDC4.SA,02/03/2009,0.0145,-
BBDC4.SA,02/02/2015,0.0207,-
BBDC4.SA,02/02/2009,0.0145,-
BBDC4.SA,02/02/2004,0.0155,-
BBDC4.SA,02/01/2025,0.019,03/02/2025
BBDC4.SA,02/01/2024,0.019,01/02/2024
BBDC4.SA,02/01/2023,0.019,01/02/2023
BBDC4.SA,02/01/2020,0.019,03/02/2020
BBDC4.SA,02/01/2019,0.019,01/02/2019
BBDC4.SA,02/01/2018,0.019,01/02/2018
BBDC4.SA,02/01/2017,0.019,-
BBDC4.SA,02/01/2015,0.0207,-
BBDC4.SA,02/01/2014,0.0207,-
BBDC4.SA,02/01/2013,0.0207,-
PETR4.SA,02/01/2012,0.2,-
BBDC4.SA,02/01/2012,0.016,-
BBDC4.SA,02/01/2009,0.0132,-
BBDC4.SA,02/01/2008,0.0198,-
BBDC4.SA,02/01/2007,0.0361,-
BBDC4.SA,02/01/2006,0.0314,-
BBDC4.SA,02/01/2004,0.0155,-
BBDC4.SA,02/01/2003,0.0129,-
BBDC4.SA,02/01/2002,0.0129,-
BBDC4.SA,02/01/2001,0.0129,-
BBDC4.SA,01/12/2023,0.019,02/01/2024
BBDC4.SA,01/12/2022,0.019,02/01/2023
PETR4.SA,01/12/2021,1.0554,15/12/2021
BBDC4.SA,01/12/2021,0.019,03/01/2022
PETR4.SA,01/12/2021,2.1951,15/12/2021
BBDC4.SA,01/12/2020,0.019,04/01/2021
BBDC4.SA,01/12/2017,0.019,-
BBDC4.SA,01/12/2016,0.019,-
BBDC4.SA,01/12/2015,0.019,-
BBDC4.SA,01/12/2014,0.0207,-
BBDC4.SA,01/12/2011,0.016,-
BBDC4.SA,01/12/2010,0.0145,-
BBDC4.SA,01/12/2009,0.0145,-
BBDC4.SA,01/12/2008,0.0132,-
BBDC4.SA,01/12/2006,0.0361,-
BBDC4.SA,01/12/2005,0.0314,-
BBDC4.SA,01/12/2004,0.1553,-
BBDC4.SA,01/12/2003,0.0155,-
BBDC4.SA,01/12/2000,0.0129,-
BBDC4.SA,01/12/1999,0.0129,-
BBDC4.SA,01/12/1998,0.0129,-
BBDC4.SA,01/11/2024,0.019,02/12/2024
BBDC4.SA,01/11/2023,0.019,01/12/2023
BBDC4.SA,01/11/2022,0.019,01/12/2022
BBDC4.SA,01/11/2021,0.019,01/12/2021
BBDC4.SA,01/11/2019,0.019,02/12/2019
BBDC4.SA,01/11/2018,0.019,03/12/2018
BBDC4.SA,01/11/2017,0.019,-
BBDC4.SA,01/11/2016,0.019,-
BBDC4.SA,01/11/2013,0.0207,-
BBDC4.SA,01/11/2012,0.0207,-
BBDC4.SA,01/11/2011,0.016,-
BBDC4.SA,01/11/2010,0.0145,-
PETR4.SA,01/11/2010,0.14,-
BBDC4.SA,01/11/2007,0.0198,-
BBDC4.SA,01/11/2006,0.0361,-
BBDC4.SA,01/11/2005,0.0627,-
BBDC4.SA,01/11/2004,0.1553,-
BBDC4.SA,01/11/2002,0.0129,-
BBDC4.SA,01/11/2001,0.0129,-
BBDC4.SA,01/11/2000,0.0129,-
BBDC4.SA,01/11/1999,0.0129,-
BBDC4.SA,01/10/2025,0.019,03/11/2025
BBDC4.SA,01/10/2024,0.019,01/11/2024
BBDC4.SA,01/10/2021,0.019,01/11/2021
BBDC4.SA,01/10/2020,0.019,03/11/2020
BBDC4.SA,01/10/2019,0.019,01/11/2019
BBDC4.SA,01/10/2018,0.019,01/11/2018
BBDC4.SA,01/10/2015,0.019,-
BBDC4.SA,01/10/2014,0.0207,-
BBDC4.SA,01/10/2013,0.0207,-
BBDC4.SA,01/10/2012,0.0207,-
BBDC4.SA,01/10/2010,0.0145,-
BBDC4.SA,01/10/2009,0.0145,-
BBDC4.SA,01/10/2008,0.0132,-
BBDC4.SA,01/10/2007,0.0198,-
BBDC4.SA,01/10/2004,0.1553,-
BBDC4.SA,01/10/2003,0.0155,-
BBDC4.SA,01/10/2002,0.0129,-
BBDC4.SA,01/10/2001,0.0129,-
BBDC4.SA,01/10/1999,0.0129,-
BBDC4.SA,01/09/2025,0.019,01/10/2025
BBDC4.SA,01/09/2023,0.019,02/10/2023
BBDC4.SA,01/09/2022,0.019,03/10/2022
BBDC4.SA,01/09/2021,0.019,01/10/2021
BBDC4.SA,01/09/2020,0.019,01/10/2020
BBDC4.SA,01/09/2017,0.019,-
BBDC4.SA,01/09/2016,0.019,-
BBDC4.SA,01/09/2015,0.019,-
BBDC4.SA,01/09/2014,0.0207,-
BBDC4.SA,01/09/2011,0.016,-
BBDC4.SA,01/09/2010,0.0145,-
BBDC4.SA,01/09/2009,0.0145,-
BBDC4.SA,01/09/2008,0.0132,-
BBDC4.SA,01/09/2006,0.0361,-
BBDC4.SA,01/09/2005,0.0627,-
BBDC4.SA,01/09/2004,0.1553,-
BBDC4.SA,01/09/2003,0.0155,-
BBDC4.SA,01/09/2000,0.0129,-
BBDC4.SA,01/09/1999,0.0129,-
BBDC4.SA,01/08/2025,0.019,01/09/2025
BBDC4.SA,01/08/2024,0.019,02/09/2024
BBDC4.SA,01/08/2023,0.019,01/09/2023
BBDC4.SA,01/08/2022,0.019,01/09/2022
BBDC4.SA,01/08/2019,0.019,02/09/2019
BBDC4.SA,01/08/2018,0.019,03/09/2018
BBDC4.SA,01/08/2017,0.019,-
BBDC4.SA,01/08/2016,0.019,-
BBDC4.SA,01/08/2014,0.0207,-
BBDC4.SA,01/08/2013,0.0207,-
BBDC4.SA,01/08/2012,0.0207,-
BBDC4.SA,01/08/2011,0.0145,-
BBDC4.SA,01/08/2008,0.0132,-
BBDC4.SA,01/08/2007,0.0198,-
BBDC4.SA,01/08/2006,0.0361,-
BBDC4.SA,01/08/2005,0.0627,-
BBDC4.SA,01/08/2003,0.0155,-
BBDC4.SA,01/08/2002,0.0129,-
BBDC4.SA,01/08/2001,0.0129,-
BBDC4.SA,01/08/2000,0.0129,-
BBDC4.SA,01/07/2025,0.019,01/08/2025
BBDC4.SA,01/07/2024,0.019,01/08/2024
BBDC4.SA,01/07/2022,0.019,01/08/2022
BBDC4.SA,01/07/2021,0.019,02/08/2021
BBDC4.SA,01/07/2020,0.019,03/08/2020
BBDC4.SA,01/07/2019,0.019,01/08/2019
BBDC4.SA,01/07/2016,0.019,-
BBDC4.SA,01/07/2015,0.019,-
BBDC4.SA,01/07/2014,0.0207,-
BBDC4.SA,01/07/2013,0.0207,-
BBDC4.SA,01/07/2011,0.0145,-
BBDC4.SA,01/07/2010,0.0145,-
BBDC4.SA,01/07/2009,0.0145,-
BBDC4.SA,01/07/2008,0.0132,-
BBDC4.SA,01/07/2005,0.0627,-
BBDC4.SA,01/07/2004,0.1553,-
BBDC4.SA,01/07/2003,0.0155,-
BBDC4.SA,01/07/2002,0.0129,-
BBDC4.SA,01/07/1999,0.0129,-
BBDC4.SA,01/06/2023,0.019,03/07/2023
BBDC4.SA,01/06/2022,0.019,01/07/2022
BBDC4.SA,01/06/2021,0.019,01/07/2021
BBDC4.SA,01/06/2020,0.019,01/07/2020
BBDC4.SA,01/06/2018,0.019,02/07/2018
BBDC4.SA,01/06/2017,0.019,-
BBDC4.SA,01/06/2016,0.019,-
BBDC4.SA,01/06/2015,0.019,-
BBDC4.SA,01/06/2012,0.0176,-
BBDC4.SA,01/06/2011,0.0145,-
BBDC4.SA,01/06/2010,0.0145,-
BBDC4.SA,01/06/2009,0.0145,-
BBDC4.SA,01/06/2007,0.0198,-
BBDC4.SA,01/06/2006,0.0361,-
BBDC4.SA,01/06/2005,0.0627,-
BBDC4.SA,01/06/2004,0.1553,-
BBDC4.SA,01/06/2001,0.0129,-
BBDC4.SA,01/06/2000,0.0129,-
BBDC4.SA,01/06/1999,0.0129,-
BBDC4.SA,01/04/2025,0.019,02/05/2025
BBDC4.SA,01/04/2024,0.019,02/05/2024
BBDC4.SA,01/04/2022,0.019,02/05/2022
BBDC4.SA,01/04/2021,0.019,03/05/2021
BBDC4.SA,01/04/2020,0.019,04/05/2020
BBDC4.SA,01/04/2019,0.019,02/05/2019
BBDC4.SA,01/04/2016,0.019,-
BBDC4.SA,01/04/2015,0.019,-
BBDC4.SA,01/04/2014,0.0207,-
BBDC4.SA,01/04/2013,0.0207,-
BBDC4.SA,01/04/2011,0.0145,-
BBDC4.SA,01/04/2010,0.0145,-
BBDC4.SA,01/04/2009,0.0145,-
BBDC4.SA,01/04/2008,0.0198,-
BBDC4.SA,01/04/2005,0.0627,-
BBDC4.SA,01/04/2004,0.1553,-
BBDC4.SA,01/04/2003,0.0155,-
BBDC4.SA,01/04/2002,0.0129,-
BBDC4.SA,01/03/2024,0.019,01/04/2024
BBDC4.SA,01/03/2023,0.019,03/04/2023
BBDC4.SA,01/03/2021,0.019,01/04/2021
BBDC4.SA,01/03/2019,0.019,01/04/2019
BBDC4.SA,01/03/2018,0.019,02/04/2018
BBDC4.SA,01/03/2017,0.019,-
BBDC4.SA,01/03/2016,0.019,-
BBDC4.SA,01/03/2013,0.0207,-
BBDC4.SA,01/03/2012,0.016,-
BBDC4.SA,01/03/2011,0.0145,-
BBDC4.SA,01/03/2010,0.0145,-
BBDC4.SA,01/03/2007,0.0397,-
BBDC4.SA,01/03/2006,0.0314,-
BBDC4.SA,01/03/2005,0.0627,-
BBDC4.SA,01/03/2004,0.0155,-
BBDC4.SA,01/03/2002,0.0129,-
BBDC4.SA,01/03/2001,0.0129,-
BBDC4.SA,01/03/2000,0.0129,-
BBDC4.SA,01/03/1999,0.0129,-
BBDC4.SA,01/02/2024,0.019,01/03/2024
BBDC4.SA,01/02/2023,0.019,01/03/2023
BBDC4.SA,01/02/2022,0.019,02/03/2022
BBDC4.SA,01/02/2021,0.019,01/03/2021
BBDC4.SA,01/02/2019,0.019,01/03/2019
BBDC4.SA,01/02/2018,0.019,01/03/2018
BBDC4.SA,01/02/2017,0.019,-
BBDC4.SA,01/02/2016,0.019,-
BBDC4.SA,01/02/2013,0.0207,-
BBDC4.SA,01/02/2012,0.016,-
BBDC4.SA,01/02/2011,0.0145,-
BBDC4.SA,01/02/2010,0.0145,-
BBDC4.SA,01/02/2008,0.0198,-
BBDC4.SA,01/02/2007,0.0361,-
BBDC4.SA,01/02/2006,0.0314,-
BBDC4.SA,01/02/2005,0.0518,-
BBDC4.SA,01/02/2002,0.0129,-
BBDC4.SA,01/02/2001,0.0129,-
BBDC4.SA,01/02/2000,0.0129,-
BBDC4.SA,01/02/1999,0.0129,-
